filename,title,archive
day18.txt,February 6 - Day 18,../processing/testDocument_lines.html
day17.txt,February 5 - Day 17,0
day16.txt,February 4 - Day 16,0
day15.txt,February 3 - Day 15,0
day14.txt,February 2 - Day 14,0
day13.txt,February 1 - Day 13,0
day12.txt,January 31 - Day 12,0
day11.txt,January 30 - Day 11,0
day10.txt,January 29 - Day 10,0
day9.txt,January 28 - Day 9,0
day8.txt,January 27 - Day 8,0
day7.txt,January 26 - Day 7,0
day6.txt,January 25 - Day 6,0
day5.txt,January 24 - Day 5,0
day4.txt,January 23 - Day 4,0
day3.txt,January 22 - Day 3,0
day2.txt,January 21 - Day 2,0
day1.txt,January 20 - Day 1,0
